pair,function,method,step,lmax,step_label,n_src,n_tgt,h_src,h_tgt,area_rel_l2,rel_l2,linf,source_integral,target_pred_integral,target_truth_integral,conservation_abs_error_vs_source,target_integral_abs_error_vs_truth,h_max,h_min
CS-r16_to_ICOD-r16,smooth1,tempest,-1,-1,tempest,1536,2562,0.09045015681978345,0.07003503810937581,0.002519545884320345,0.002529232026049817,0.009256527801186576,12.566370614359172,12.566370614359172,12.566371546358079,0.0,9.319989064948686e-07,0.09045015681978345,0.07003503810937581
CS-r16_to_ICOD-r16,smooth1,irno,0,0,base,1536,2562,0.09045015681978345,0.07003503810937581,0.004751316648997393,0.004748291374001168,0.016790276837747697,12.566370614359172,12.566370464500313,12.566371546358079,1.4985885954388323e-07,1.0818577660387518e-06,0.09045015681978345,0.07003503810937581
CS-r16_to_ICOD-r16,smooth1,irno,1,8,corrected_lmax8,1536,2562,0.09045015681978345,0.07003503810937581,0.0046886247091846005,0.0046854841441711145,0.01640414899183229,12.566370614359172,12.566370438694133,12.566371546358079,1.7566503984767223e-07,1.1076639463425408e-06,0.09045015681978345,0.07003503810937581
CS-r16_to_ICOD-r16,smooth1,irno,2,16,corrected_lmax16,1536,2562,0.09045015681978345,0.07003503810937581,0.0046211579955635325,0.004617919513822049,0.01599467583848413,12.566370614359172,12.566370433370356,12.566371546358079,1.8098881682249157e-07,1.1129877233173602e-06,0.09045015681978345,0.07003503810937581
CS-r16_to_ICOD-r16,smooth1,irno,3,24,corrected_lmax24,1536,2562,0.09045015681978345,0.07003503810937581,0.0045487189541230065,0.004545415035167841,0.015581357461017742,12.566370614359172,12.566370470662706,12.566371546358079,1.4369646628153987e-07,1.0756953727764085e-06,0.09045015681978345,0.07003503810937581
CS-r16_to_ICOD-r16,smooth2,tempest,-1,-1,tempest,1536,2562,0.09045015681978345,0.07003503810937581,0.0033907349981703657,0.003401391757493217,0.011747324526433234,13.231171152281538,13.231171152281538,13.231174413306311,0.0,3.2610247728825925e-06,0.09045015681978345,0.07003503810937581
CS-r16_to_ICOD-r16,smooth2,irno,0,0,base,1536,2562,0.09045015681978345,0.07003503810937581,0.0063370431967350906,0.006335821415745913,0.02645495804384068,13.231171152281538,13.231170991944804,13.231174413306311,1.6033673411186555e-07,3.421361506994458e-06,0.09045015681978345,0.07003503810937581
CS-r16_to_ICOD-r16,smooth2,irno,1,8,corrected_lmax8,1536,2562,0.09045015681978345,0.07003503810937581,0.006267423183262619,0.006265897393497598,0.02622503707996504,13.231171152281538,13.23117096963977,13.231174413306311,1.8264176837590185e-07,3.4436665412584944e-06,0.09045015681978345,0.07003503810937581
CS-r16_to_ICOD-r16,smooth2,irno,2,16,corrected_lmax16,1536,2562,0.09045015681978345,0.07003503810937581,0.006192411900499412,0.006190626871609993,0.025976233027326323,13.231171152281538,13.231170950602937,13.231174413306311,2.0167860093067702e-07,3.4627033738132695e-06,0.09045015681978345,0.07003503810937581
CS-r16_to_ICOD-r16,smooth2,irno,3,24,corrected_lmax24,1536,2562,0.09045015681978345,0.07003503810937581,0.006111706624316043,0.006109720098595718,0.025712251473493986,13.231171152281538,13.231170998875061,13.231174413306311,1.534064768549115e-07,3.414431249737504e-06,0.09045015681978345,0.07003503810937581
CS-r16_to_ICOD-r16,x,tempest,-1,-1,tempest,1536,2562,0.09045015681978345,0.07003503810937581,0.009928297247747471,0.0099747651946991,0.01641913177799098,-4.996003610813204e-16,-4.440892098500626e-16,-6.661338147750939e-16,5.551115123125783e-17,2.220446049250313e-16,0.09045015681978345,0.07003503810937581
CS-r16_to_ICOD-r16,x,irno,0,0,base,1536,2562,0.09045015681978345,0.07003503810937581,0.018448049568588542,0.018464420200067774,0.026406244161573937,-4.996003610813204e-16,-2.0121919686033607e-08,-6.661338147750939e-16,2.0121919186433246e-08,2.0121919019899792e-08,0.09045015681978345,0.07003503810937581
CS-r16_to_ICOD-r16,x,irno,1,8,corrected_lmax8,1536,2562,0.09045015681978345,0.07003503810937581,0.01824822899568441,0.01826388934249504,0.0256670042897552,-4.996003610813204e-16,4.004788944911297e-09,-6.661338147750939e-16,4.004789444511658e-09,4.004789611045112e-09,0.09045015681978345,0.07003503810937581
CS-r16_to_ICOD-r16,x,irno,2,16,corrected_lmax16,1536,2562,0.09045015681978345,0.07003503810937581,0.01803675086604523,0.0180517244407727,0.025423663149738984,-4.996003610813204e-16,-2.7447143557957077e-08,-6.661338147750939e-16,2.7447143058356716e-08,2.7447142891823262e-08,0.09045015681978345,0.07003503810937581
CS-r16_to_ICOD-r16,x,irno,3,24,corrected_lmax24,1536,2562,0.09045015681978345,0.07003503810937581,0.01781228610836424,0.017826652804089745,0.025272185750255527,-4.996003610813204e-16,3.0492024682970964e-08,-6.661338147750939e-16,3.0492025182571325e-08,3.049202534910478e-08,0.09045015681978345,0.07003503810937581
CS-r16_to_ICOD-r16,y,tempest,-1,-1,tempest,1536,2562,0.09045015681978345,0.07003503810937581,0.009979262630739763,0.010028663385940705,0.016501698459642833,0.0,2.7755575615628914e-17,0.0,2.7755575615628914e-17,2.7755575615628914e-17,0.09045015681978345,0.07003503810937581
CS-r16_to_ICOD-r16,y,irno,0,0,base,1536,2562,0.09045015681978345,0.07003503810937581,0.01861286091923573,0.018650682445363862,0.029593276232439708,0.0,9.273191298175831e-09,0.0,9.273191298175831e-09,9.273191298175831e-09,0.09045015681978345,0.07003503810937581
CS-r16_to_ICOD-r16,y,irno,1,8,corrected_lmax8,1536,2562,0.09045015681978345,0.07003503810937581,0.018391388075969774,0.01842808655582907,0.029137202194826878,0.0,2.2224324602859724e-09,0.0,2.2224324602859724e-09,2.2224324602859724e-09,0.09045015681978345,0.07003503810937581
CS-r16_to_ICOD-r16,y,irno,2,16,corrected_lmax16,1536,2562,0.09045015681978345,0.07003503810937581,0.018149113493290167,0.018184898197222788,0.028667674430545464,0.0,4.101665451727854e-09,0.0,4.101665451727854e-09,4.101665451727854e-09,0.09045015681978345,0.07003503810937581
CS-r16_to_ICOD-r16,y,irno,3,24,corrected_lmax24,1536,2562,0.09045015681978345,0.07003503810937581,0.017886697696038973,0.017921808896212796,0.02819913336033894,0.0,6.441016664471277e-09,0.0,6.441016664471277e-09,6.441016664471277e-09,0.09045015681978345,0.07003503810937581
CS-r16_to_ICOD-r16,z,tempest,-1,-1,tempest,1536,2562,0.09045015681978345,0.07003503810937581,0.00984786118332717,0.009857809404273965,0.01659451821216329,0.0,4.440892098500626e-16,9.319989059619616e-06,4.440892098500626e-16,9.319989059175526e-06,0.09045015681978345,0.07003503810937581
CS-r16_to_ICOD-r16,z,irno,0,0,base,1536,2562,0.09045015681978345,0.07003503810937581,0.01665359412974691,0.016649599080156324,0.023793895196174975,0.0,-2.577358326760759e-09,9.319989059619616e-06,2.577358326760759e-09,9.322566417946376e-06,0.09045015681978345,0.07003503810937581
CS-r16_to_ICOD-r16,z,irno,1,8,corrected_lmax8,1536,2562,0.09045015681978345,0.07003503810937581,0.016464209391132686,0.016459731430412704,0.02362488218523423,0.0,2.503330653880198e-08,9.319989059619616e-06,2.503330653880198e-08,9.294955753080814e-06,0.09045015681978345,0.07003503810937581
CS-r16_to_ICOD-r16,z,irno,2,16,corrected_lmax16,1536,2562,0.09045015681978345,0.07003503810937581,0.016265722730417837,0.016260851769877786,0.023448094675279862,0.0,8.010542451586389e-09,9.319989059619616e-06,8.010542451586389e-09,9.31197851716803e-06,0.09045015681978345,0.07003503810937581
CS-r16_to_ICOD-r16,z,irno,3,24,corrected_lmax24,1536,2562,0.09045015681978345,0.07003503810937581,0.016058218479184663,0.01605306213141333,0.023263210938635315,0.0,2.441745872161505e-08,9.319989059619616e-06,2.441745872161505e-08,9.295571600898e-06,0.09045015681978345,0.07003503810937581
CS-r32_to_ICOD-r32,smooth1,tempest,-1,-1,tempest,6144,10242,0.04522507840989173,0.03502777458838404,0.0012454776192519035,0.0012501059682261736,0.004779583977017943,12.566370614359172,12.566370614359172,12.566370878836032,0.0,2.644768599679992e-07,0.04522507840989173,0.03502777458838404
CS-r32_to_ICOD-r32,smooth1,irno,0,0,base,6144,10242,0.04522507840989173,0.03502777458838404,0.0011781255561616108,0.0011783909589750134,0.004650463370401203,12.566370614359172,12.566370608593253,12.566370878836032,5.765919297573419e-09,2.702427792655726e-07,0.04522507840989173,0.03502777458838404
CS-r32_to_ICOD-r32,smooth1,irno,1,8,corrected_lmax8,6144,10242,0.04522507840989173,0.03502777458838404,0.0011891301997570523,0.0011895768264750777,0.004797981839916865,12.566370614359172,12.56637058278851,12.566370878836032,3.157066252867935e-08,2.9604752249667854e-07,0.04522507840989173,0.03502777458838404
CS-r32_to_ICOD-r32,smooth1,irno,2,16,corrected_lmax16,6144,10242,0.04522507840989173,0.03502777458838404,0.0012113905642771937,0.001211958234062781,0.004800243381378189,12.566370614359172,12.566370565466771,12.566370878836032,4.889240123873151e-08,3.133692612067307e-07,0.04522507840989173,0.03502777458838404
CS-r32_to_ICOD-r32,smooth1,irno,3,24,corrected_lmax24,6144,10242,0.04522507840989173,0.03502777458838404,0.0012467312562744555,0.0012473188241194976,0.004755138025657635,12.566370614359172,12.566370568949953,12.566370878836032,4.540921949569565e-08,3.0988607946369484e-07,0.04522507840989173,0.03502777458838404
CS-r32_to_ICOD-r32,smooth2,tempest,-1,-1,tempest,6144,10242,0.04522507840989173,0.03502777458838404,0.0016730681736574302,0.001678038925503193,0.008081683797167782,13.231171822700507,13.231171822700507,13.231172677916465,0.0,8.552159584951369e-07,0.04522507840989173,0.03502777458838404
CS-r32_to_ICOD-r32,smooth2,irno,0,0,base,6144,10242,0.04522507840989173,0.03502777458838404,0.0016917138039032073,0.0016907313682700516,0.007156758594328183,13.231171822700507,13.231171814343593,13.231172677916465,8.356913383522624e-09,8.635728718786595e-07,0.04522507840989173,0.03502777458838404
CS-r32_to_ICOD-r32,smooth2,irno,1,8,corrected_lmax8,6144,10242,0.04522507840989173,0.03502777458838404,0.0016964588650930292,0.0016954963516164472,0.0068350382397994736,13.231171822700507,13.23117178841649,13.231172677916465,3.428401740279696e-08,8.894999758979338e-07,0.04522507840989173,0.03502777458838404
CS-r32_to_ICOD-r32,smooth2,irno,2,16,corrected_lmax16,6144,10242,0.04522507840989173,0.03502777458838404,0.0017191312918801965,0.0017181745345611359,0.006875553951260827,13.231171822700507,13.231171771056351,13.231172677916465,5.164415561864644e-08,9.068601141137833e-07,0.04522507840989173,0.03502777458838404
CS-r32_to_ICOD-r32,smooth2,irno,3,24,corrected_lmax24,6144,10242,0.04522507840989173,0.03502777458838404,0.0017632134164431933,0.0017621622622806575,0.007066429667247576,13.231171822700507,13.231171775108002,13.231172677916465,4.759250415986571e-08,9.028084626550026e-07,0.04522507840989173,0.03502777458838404
CS-r32_to_ICOD-r32,x,tempest,-1,-1,tempest,6144,10242,0.04522507840989173,0.03502777458838404,0.004905661097953264,0.004929715943242686,0.009624541841253276,-4.996003610813204e-16,-3.885780586188048e-16,-4.440892098500626e-16,1.1102230246251565e-16,5.551115123125783e-17,0.04522507840989173,0.03502777458838404
CS-r32_to_ICOD-r32,x,irno,0,0,base,6144,10242,0.04522507840989173,0.03502777458838404,0.004786300356912274,0.004793844739133654,0.0072481887012113,-4.996003610813204e-16,-1.1350805129151098e-08,-4.440892098500626e-16,1.1350804629550737e-08,1.1350804685061888e-08,0.04522507840989173,0.03502777458838404
CS-r32_to_ICOD-r32,x,irno,1,8,corrected_lmax8,6144,10242,0.04522507840989173,0.03502777458838404,0.0048191527240172925,0.004826938865868652,0.0075933237076048765,-4.996003610813204e-16,-9.741217665837354e-09,-4.440892098500626e-16,9.741217166236993e-09,9.741217221748144e-09,0.04522507840989173,0.03502777458838404
CS-r32_to_ICOD-r32,x,irno,2,16,corrected_lmax16,6144,10242,0.04522507840989173,0.03502777458838404,0.004894947093565995,0.004902954034718728,0.007904827898320393,-4.996003610813204e-16,-9.83466230675134e-09,-4.440892098500626e-16,9.83466180715098e-09,9.83466186266213e-09,0.04522507840989173,0.03502777458838404
CS-r32_to_ICOD-r32,x,irno,3,24,corrected_lmax24,6144,10242,0.04522507840989173,0.03502777458838404,0.005021114039902565,0.00502921309114297,0.008186160077630261,-4.996003610813204e-16,-4.722404522983226e-09,-4.440892098500626e-16,4.7224040233828646e-09,4.722404078894016e-09,0.04522507840989173,0.03502777458838404
CS-r32_to_ICOD-r32,y,tempest,-1,-1,tempest,6144,10242,0.04522507840989173,0.03502777458838404,0.004896073347475802,0.004919146388145622,0.008423742298850678,0.0,0.0,-1.1102230246251565e-16,0.0,1.1102230246251565e-16,0.04522507840989173,0.03502777458838404
CS-r32_to_ICOD-r32,y,irno,0,0,base,6144,10242,0.04522507840989173,0.03502777458838404,0.004801544116774654,0.00481021725619416,0.007504103231837714,0.0,6.663654295024912e-09,-1.1102230246251565e-16,6.663654295024912e-09,6.663654406047215e-09,0.04522507840989173,0.03502777458838404
CS-r32_to_ICOD-r32,y,irno,1,8,corrected_lmax8,6144,10242,0.04522507840989173,0.03502777458838404,0.004835177375552766,0.004844397114395325,0.007563756428089638,0.0,8.964704090175246e-09,-1.1102230246251565e-16,8.964704090175246e-09,8.964704201197549e-09,0.04522507840989173,0.03502777458838404
CS-r32_to_ICOD-r32,y,irno,2,16,corrected_lmax16,6144,10242,0.04522507840989173,0.03502777458838404,0.004910077844172139,0.004919640777040531,0.007738894597363835,0.0,-4.7205513942216726e-09,-1.1102230246251565e-16,4.7205513942216726e-09,4.72055128319937e-09,0.04522507840989173,0.03502777458838404
CS-r32_to_ICOD-r32,y,irno,3,24,corrected_lmax24,6144,10242,0.04522507840989173,0.03502777458838404,0.00503558546350807,0.005045198122715579,0.007987341315486202,0.0,4.020888066946782e-09,-1.1102230246251565e-16,4.020888066946782e-09,4.020888177969084e-09,0.04522507840989173,0.03502777458838404
CS-r32_to_ICOD-r32,z,tempest,-1,-1,tempest,6144,10242,0.04522507840989173,0.03502777458838404,0.004796652161505245,0.0047919045470806755,0.008480099802669505,-2.7755575615628914e-16,0.0,2.644768591686386e-06,2.7755575615628914e-16,2.644768591686386e-06,0.04522507840989173,0.03502777458838404
CS-r32_to_ICOD-r32,z,irno,0,0,base,6144,10242,0.04522507840989173,0.03502777458838404,0.004520090144139744,0.004516145709325752,0.006800872581780193,-2.7755575615628914e-16,1.5218399873617727e-09,2.644768591686386e-06,1.5218402649175289e-09,2.6432467516990243e-06,0.04522507840989173,0.03502777458838404
CS-r32_to_ICOD-r32,z,irno,1,8,corrected_lmax8,6144,10242,0.04522507840989173,0.03502777458838404,0.004598170002505615,0.004593708821086145,0.006839085737929046,-2.7755575615628914e-16,2.5153417126944078e-09,2.644768591686386e-06,2.515341990250164e-09,2.6422532499736917e-06,0.04522507840989173,0.03502777458838404
CS-r32_to_ICOD-r32,z,irno,2,16,corrected_lmax16,6144,10242,0.04522507840989173,0.03502777458838404,0.004717745810979268,0.004712545432826088,0.007011809253986756,-2.7755575615628914e-16,-1.7311152511467753e-09,2.644768591686386e-06,1.7311149735910192e-09,2.646499706937533e-06,0.04522507840989173,0.03502777458838404
CS-r32_to_ICOD-r32,z,irno,3,24,corrected_lmax24,6144,10242,0.04522507840989173,0.03502777458838404,0.004865781620276558,0.0048598179903429,0.007246066042978533,-2.7755575615628914e-16,7.385831946038479e-09,2.644768591686386e-06,7.385832223594235e-09,2.6373827597403476e-06,0.04522507840989173,0.03502777458838404
CS-r64_to_ICOD-r64,smooth1,tempest,-1,-1,tempest,24576,40962,0.02261253920494578,0.01751516994000965,0.0006136663015661181,0.0006158879724065941,0.0024331620802051646,12.566370614359073,12.566370614359071,12.566370684537135,1.7763568394002505e-15,7.017806424869377e-08,0.02261253920494578,0.01751516994000965
CS-r64_to_ICOD-r64,smooth1,irno,0,0,base,24576,40962,0.02261253920494578,0.01751516994000965,0.0006116129456297597,0.0006112591502115661,0.002061626376455905,12.566370614359073,12.566370622646936,12.566370684537135,8.287862840461457e-09,6.189019963187548e-08,0.02261253920494578,0.01751516994000965
CS-r64_to_ICOD-r64,smooth1,irno,1,8,corrected_lmax8,24576,40962,0.02261253920494578,0.01751516994000965,0.0005969518969495909,0.0005967690199439802,0.0021834806375373716,12.566370614359073,12.566370619681706,12.566370684537135,5.322633001014765e-09,6.485542947132217e-08,0.02261253920494578,0.01751516994000965
CS-r64_to_ICOD-r64,smooth1,irno,2,16,corrected_lmax16,24576,40962,0.02261253920494578,0.01751516994000965,0.0005803980752216147,0.0005804045300310827,0.0023202311079821847,12.566370614359073,12.566370616613318,12.566370684537135,2.2542447908335816e-09,6.792381768150335e-08,0.02261253920494578,0.01751516994000965
CS-r64_to_ICOD-r64,smooth1,irno,3,24,corrected_lmax24,24576,40962,0.02261253920494578,0.01751516994000965,0.0005693304522932257,0.0005695112972470614,0.002481409072680796,12.566370614359073,12.566370616703747,12.566370684537135,2.34467378845693e-09,6.783338868388e-08,0.02261253920494578,0.01751516994000965
CS-r64_to_ICOD-r64,smooth2,tempest,-1,-1,tempest,24576,40962,0.02261253920494578,0.01751516994000965,0.0008288643268817111,0.0008314735571154329,0.003342133283662063,13.231171988743416,13.231171988743416,13.231172207224049,0.0,2.184806326965827e-07,0.02261253920494578,0.01751516994000965
CS-r64_to_ICOD-r64,smooth2,irno,0,0,base,24576,40962,0.02261253920494578,0.01751516994000965,0.0006727606292521146,0.0006720352803454955,0.0030576714189840537,13.231171988743416,13.231171998092094,13.231172207224049,9.348678275955535e-09,2.0913195442062715e-07,0.02261253920494578,0.01751516994000965
CS-r64_to_ICOD-r64,smooth2,irno,1,8,corrected_lmax8,24576,40962,0.02261253920494578,0.01751516994000965,0.0006659463160763931,0.0006654488783466438,0.003422772431266763,13.231171988743416,13.231171998250645,13.231172207224049,9.507228782013044e-09,2.0897340391456964e-07,0.02261253920494578,0.01751516994000965
CS-r64_to_ICOD-r64,smooth2,irno,2,16,corrected_lmax16,24576,40962,0.02261253920494578,0.01751516994000965,0.0006577111807516194,0.0006574440005407689,0.003811658357541381,13.231171988743416,13.23117198854145,13.231172207224049,2.0196644356929028e-10,2.1868259914015198e-07,0.02261253920494578,0.01751516994000965
CS-r64_to_ICOD-r64,smooth2,irno,3,24,corrected_lmax24,24576,40962,0.02261253920494578,0.01751516994000965,0.0006552993350410699,0.0006552364497792316,0.004226179237599714,13.231171988743416,13.23117199135769,13.231172207224049,2.614275018686385e-09,2.158663576778963e-07,0.02261253920494578,0.01751516994000965
CS-r64_to_ICOD-r64,x,tempest,-1,-1,tempest,24576,40962,0.02261253920494578,0.01751516994000965,0.0024315348778412987,0.0024434181033663317,0.004400727259437076,-3.885780586188048e-16,-7.494005416219807e-16,-5.551115123125783e-16,3.608224830031759e-16,1.942890293094024e-16,0.02261253920494578,0.01751516994000965
CS-r64_to_ICOD-r64,x,irno,0,0,base,24576,40962,0.02261253920494578,0.01751516994000965,0.0011032608098751795,0.001103703669466224,0.002411792022050885,-3.885780586188048e-16,4.21415302653827e-09,-5.551115123125783e-16,4.2141534151163285e-09,4.214153581649782e-09,0.02261253920494578,0.01751516994000965
CS-r64_to_ICOD-r64,x,irno,1,8,corrected_lmax8,24576,40962,0.02261253920494578,0.01751516994000965,0.0011828367592487466,0.00118369757418091,0.0028151269710355864,-3.885780586188048e-16,5.2842867304114804e-09,-5.551115123125783e-16,5.284287118989539e-09,5.284287285522993e-09,0.02261253920494578,0.01751516994000965
CS-r64_to_ICOD-r64,x,irno,2,16,corrected_lmax16,24576,40962,0.02261253920494578,0.01751516994000965,0.00128912956140807,0.0012905119364440961,0.0032429084060485724,-3.885780586188048e-16,5.3409850708785456e-09,-5.551115123125783e-16,5.340985459456604e-09,5.340985625990058e-09,0.02261253920494578,0.01751516994000965
CS-r64_to_ICOD-r64,x,irno,3,24,corrected_lmax24,24576,40962,0.02261253920494578,0.01751516994000965,0.0014182870602811187,0.0014201936114533555,0.0036930485633642762,-3.885780586188048e-16,-4.388494040385993e-09,-5.551115123125783e-16,4.388493651807934e-09,4.3884934852744806e-09,0.02261253920494578,0.01751516994000965
CS-r64_to_ICOD-r64,y,tempest,-1,-1,tempest,24576,40962,0.02261253920494578,0.01751516994000965,0.00242759556661664,0.0024392349939750197,0.004463804902427704,0.0,2.220446049250313e-16,1.1102230246251565e-16,2.220446049250313e-16,1.1102230246251565e-16,0.02261253920494578,0.01751516994000965
CS-r64_to_ICOD-r64,y,irno,0,0,base,24576,40962,0.02261253920494578,0.01751516994000965,0.0011185891740506727,0.001119228894902847,0.0030023673326392553,0.0,7.638494059492018e-09,1.1102230246251565e-16,7.638494059492018e-09,7.638493948469716e-09,0.02261253920494578,0.01751516994000965
CS-r64_to_ICOD-r64,y,irno,1,8,corrected_lmax8,24576,40962,0.02261253920494578,0.01751516994000965,0.001205876334311541,0.0012070057036780465,0.0033565706999681977,0.0,4.206143378038263e-09,1.1102230246251565e-16,4.206143378038263e-09,4.2061432670159604e-09,0.02261253920494578,0.01751516994000965
CS-r64_to_ICOD-r64,y,irno,2,16,corrected_lmax16,24576,40962,0.02261253920494578,0.01751516994000965,0.001320450150889721,0.0013220750536262168,0.003722349086385357,0.0,7.2480384472051185e-09,1.1102230246251565e-16,7.2480384472051185e-09,7.248038336182816e-09,0.02261253920494578,0.01751516994000965
CS-r64_to_ICOD-r64,y,irno,3,24,corrected_lmax24,24576,40962,0.02261253920494578,0.01751516994000965,0.0014582959795850384,0.0014603741344229692,0.004074648077947884,0.0,1.4399041958768066e-09,1.1102230246251565e-16,1.4399041958768066e-09,1.4399040848545042e-09,0.02261253920494578,0.01751516994000965
CS-r64_to_ICOD-r64,z,tempest,-1,-1,tempest,24576,40962,0.02261253920494578,0.01751516994000965,0.0023848352437120415,0.0023808566045778407,0.004634757768517073,2.7755575615628914e-16,0.0,7.017806336051535e-07,2.7755575615628914e-16,7.017806336051535e-07,0.02261253920494578,0.01751516994000965
CS-r64_to_ICOD-r64,z,irno,0,0,base,24576,40962,0.02261253920494578,0.01751516994000965,0.0010604133049420517,0.0010593732269053799,0.0026383164659401492,2.7755575615628914e-16,-1.7880972258410566e-09,7.017806336051535e-07,1.7880975033968127e-09,7.035687308309946e-07,0.02261253920494578,0.01751516994000965
CS-r64_to_ICOD-r64,z,irno,1,8,corrected_lmax8,24576,40962,0.02261253920494578,0.01751516994000965,0.0011523939199010098,0.0011508548109993597,0.00299483481563545,2.7755575615628914e-16,-8.924017524947203e-09,7.017806336051535e-07,8.92401780250296e-09,7.107046511301007e-07,0.02261253920494578,0.01751516994000965
CS-r64_to_ICOD-r64,z,irno,2,16,corrected_lmax16,24576,40962,0.02261253920494578,0.01751516994000965,0.0012717556259314686,0.0012694673952767022,0.003403893975527539,2.7755575615628914e-16,-2.4875155268944127e-09,7.017806336051535e-07,2.487515804450169e-09,7.042681491320479e-07,0.02261253920494578,0.01751516994000965
CS-r64_to_ICOD-r64,z,irno,3,24,corrected_lmax24,24576,40962,0.02261253920494578,0.01751516994000965,0.0014136310936135948,0.001410448639269957,0.003834428650868471,2.7755575615628914e-16,2.622656758433095e-09,7.017806336051535e-07,2.622656480877339e-09,6.991579768467204e-07,0.02261253920494578,0.01751516994000965
CS-r128_to_ICOD-r128,smooth1,tempest,-1,-1,tempest,98304,163842,0.011306269602472774,0.008757745322749349,0.00030581619371620485,0.0003070058803962684,0.0012319003529221995,12.566370614358835,12.566370614358835,12.566370632416575,0.0,1.8057740192034544e-08,0.011306269602472774,0.008757745322749349
CS-r128_to_ICOD-r128,smooth1,irno,0,0,base,98304,163842,0.011306269602472774,0.008757745322749349,0.0008629099021657204,0.0008627552439796761,0.002645088072833479,12.566370614358835,12.566370599897743,12.566370632416575,1.4461091879525156e-08,3.25188320715597e-08,0.011306269602472774,0.008757745322749349
CS-r128_to_ICOD-r128,smooth1,irno,1,8,corrected_lmax8,98304,163842,0.011306269602472774,0.008757745322749349,0.0009367402899563787,0.0009366550767468439,0.002795935424065199,12.566370614358835,12.56637060313344,12.566370632416575,1.1225395724068221e-08,2.9283135916102765e-08,0.011306269602472774,0.008757745322749349
CS-r128_to_ICOD-r128,smooth1,irno,2,16,corrected_lmax16,98304,163842,0.011306269602472774,0.008757745322749349,0.0010152708136482455,0.0010152475825285375,0.003035546155099267,12.566370614358835,12.566370597962626,12.566370632416575,1.6396208835089965e-08,3.445394902712451e-08,0.011306269602472774,0.008757745322749349
CS-r128_to_ICOD-r128,smooth1,irno,3,24,corrected_lmax24,98304,163842,0.011306269602472774,0.008757745322749349,0.001098981383080987,0.001099002725718715,0.003338354104665875,12.566370614358835,12.566370603635155,12.566370632416575,1.0723679721991175e-08,2.878141991402572e-08,0.011306269602472774,0.008757745322749349
CS-r128_to_ICOD-r128,smooth2,tempest,-1,-1,tempest,98304,163842,0.011306269602472774,0.008757745322749349,0.00041254328899943893,0.00041390037625378104,0.0019057890536027244,13.231172030156745,13.231172030156745,13.231172085338375,0.0,5.518162993212172e-08,0.011306269602472774,0.008757745322749349
CS-r128_to_ICOD-r128,smooth2,irno,0,0,base,98304,163842,0.011306269602472774,0.008757745322749349,0.0009332928838211999,0.0009335118415942663,0.003774089490229837,13.231172030156745,13.231172014874382,13.231172085338375,1.528236381886927e-08,7.0463993750991e-08,0.011306269602472774,0.008757745322749349
CS-r128_to_ICOD-r128,smooth2,irno,1,8,corrected_lmax8,98304,163842,0.011306269602472774,0.008757745322749349,0.0010153235601443327,0.0010156998134433725,0.003997653016566183,13.231172030156745,13.231172018266946,13.231172085338375,1.188979936728174e-08,6.707142929940346e-08,0.011306269602472774,0.008757745322749349
CS-r128_to_ICOD-r128,smooth2,irno,2,16,corrected_lmax16,98304,163842,0.011306269602472774,0.008757745322749349,0.0011030981784740793,0.001103621867562053,0.004247716785403588,13.231172030156745,13.231172013117503,13.231172085338375,1.7039242905525498e-08,7.222087283764722e-08,0.011306269602472774,0.008757745322749349
CS-r128_to_ICOD-r128,smooth2,irno,3,24,corrected_lmax24,98304,163842,0.011306269602472774,0.008757745322749349,0.0011971038259934775,0.001197756940807787,0.004599840556750001,13.231172030156745,13.231172019081765,13.231172085338375,1.1074980932335166e-08,6.625661086445689e-08,0.011306269602472774,0.008757745322749349
CS-r128_to_ICOD-r128,x,tempest,-1,-1,tempest,98304,163842,0.011306269602472774,0.008757745322749349,0.0012100044341562118,0.0012160205049100332,0.002543777033719663,5.329070518200751e-15,5.218048215738236e-15,5.162537064506978e-15,1.1102230246251565e-16,5.551115123125783e-17,0.011306269602472774,0.008757745322749349
CS-r128_to_ICOD-r128,x,irno,0,0,base,98304,163842,0.011306269602472774,0.008757745322749349,0.0014021854456299269,0.0014026593664142263,0.002850081121086201,5.329070518200751e-15,4.889154636700255e-10,5.162537064506978e-15,4.889101345995073e-10,4.88910301132961e-10,0.011306269602472774,0.008757745322749349
CS-r128_to_ICOD-r128,x,irno,1,8,corrected_lmax8,98304,163842,0.011306269602472774,0.008757745322749349,0.0015244009066829236,0.0015249027219794284,0.0029724007534019936,5.329070518200751e-15,2.551277689111231e-09,5.162537064506978e-15,2.5512723600407128e-09,2.5512725265741665e-09,0.011306269602472774,0.008757745322749349
CS-r128_to_ICOD-r128,x,irno,2,16,corrected_lmax16,98304,163842,0.011306269602472774,0.008757745322749349,0.0016699376806041594,0.0016704740107818447,0.0031633703107776245,5.329070518200751e-15,2.5024016192531917e-09,5.162537064506978e-15,2.5023962901826735e-09,2.502396456716127e-09,0.011306269602472774,0.008757745322749349
CS-r128_to_ICOD-r128,x,irno,3,24,corrected_lmax24,98304,163842,0.011306269602472774,0.008757745322749349,0.0018392444881716262,0.0018398143167318423,0.0035096915232516457,5.329070518200751e-15,9.299270797846759e-10,5.162537064506978e-15,9.299217507141577e-10,9.299219172476114e-10,0.011306269602472774,0.008757745322749349
CS-r128_to_ICOD-r128,y,tempest,-1,-1,tempest,98304,163842,0.011306269602472774,0.008757745322749349,0.0012103213178980702,0.0012163618116137142,0.002400815894778918,-2.1760371282653068e-14,-2.1760371282653068e-14,-2.2010171463193728e-14,0.0,2.498001805406602e-16,0.011306269602472774,0.008757745322749349
CS-r128_to_ICOD-r128,y,irno,0,0,base,98304,163842,0.011306269602472774,0.008757745322749349,0.001435801496357877,0.0014367079855144842,0.00275816058051076,-2.1760371282653068e-14,3.789144914501108e-09,-2.2010171463193728e-14,3.789166674872391e-09,3.789166924672571e-09,0.011306269602472774,0.008757745322749349
CS-r128_to_ICOD-r128,y,irno,1,8,corrected_lmax8,98304,163842,0.011306269602472774,0.008757745322749349,0.0015528683334706946,0.0015538640184243554,0.0028582545517187308,-2.1760371282653068e-14,4.977242951120786e-09,-2.2010171463193728e-14,4.977264711492069e-09,4.977264961292249e-09,0.011306269602472774,0.008757745322749349
CS-r128_to_ICOD-r128,y,irno,2,16,corrected_lmax16,98304,163842,0.011306269602472774,0.008757745322749349,0.001693157465230238,0.0016942353037357224,0.0030415701273676654,-2.1760371282653068e-14,4.414278553799278e-09,-2.2010171463193728e-14,4.4143003141705606e-09,4.414300563970741e-09,0.011306269602472774,0.008757745322749349
CS-r128_to_ICOD-r128,y,irno,3,24,corrected_lmax24,98304,163842,0.011306269602472774,0.008757745322749349,0.001857910445880023,0.001859061882918062,0.0033178951280656843,-2.1760371282653068e-14,6.374515915119616e-10,-2.2010171463193728e-14,6.374733518832443e-10,6.374736016834248e-10,0.011306269602472774,0.008757745322749349
CS-r128_to_ICOD-r128,z,tempest,-1,-1,tempest,98304,163842,0.011306269602472774,0.008757745322749349,0.001189446107279422,0.0011874866926523723,0.0024477177315641585,-6.09512440519211e-14,-6.128431095930864e-14,1.805773144347711e-07,3.3306690738754696e-16,1.8057737571908206e-07,0.011306269602472774,0.008757745322749349
CS-r128_to_ICOD-r128,z,irno,0,0,base,98304,163842,0.011306269602472774,0.008757745322749349,0.0014104002080467567,0.0014088758798546772,0.002757801312400554,-6.09512440519211e-14,-4.540976039635325e-09,1.805773144347711e-07,4.540915088391273e-09,1.8511829047440642e-07,0.011306269602472774,0.008757745322749349
CS-r128_to_ICOD-r128,z,irno,1,8,corrected_lmax8,98304,163842,0.011306269602472774,0.008757745322749349,0.0015375344045492909,0.0015358739466593185,0.002886475113336062,-6.09512440519211e-14,-6.040816735719545e-09,1.805773144347711e-07,6.040755784475493e-09,1.8661813117049064e-07,0.011306269602472774,0.008757745322749349
CS-r128_to_ICOD-r128,z,irno,2,16,corrected_lmax16,98304,163842,0.011306269602472774,0.008757745322749349,0.001687082687082768,0.0016851735097045426,0.0030194576634721138,-6.09512440519211e-14,-4.488572180605388e-09,1.805773144347711e-07,4.488511229361336e-09,1.8506588661537648e-07,0.011306269602472774,0.008757745322749349
CS-r128_to_ICOD-r128,z,irno,3,24,corrected_lmax24,98304,163842,0.011306269602472774,0.008757745322749349,0.0018587635932524231,0.0018564800641239472,0.0032042537704037866,-6.09512440519211e-14,-2.747723826246329e-09,1.805773144347711e-07,2.747662875002277e-09,1.8332503826101743e-07,0.011306269602472774,0.008757745322749349
